{
  "since": "2025-10-21T02:02:01.263838+00:00",
  "until": null,
  "counts": {
    "total_traces": 3,
    "total_rows": 6,
    "execution_accuracy_rows": 3,
    "kpi_correctness_rows": 3
  },
  "metrics": {
    "execution_accuracy": 0.6666666666666666,
    "kpi_correctness": 0.6666666666666666,
    "consistency_score": null,
    "rmse": 2960963.847090617
  }
}