{
  "since": "2025-10-21T02:47:09.177490+00:00",
  "until": null,
  "counts": {
    "total_traces": 3,
    "total_rows": 6,
    "execution_accuracy_rows": 3,
    "kpi_correctness_rows": 3
  },
  "metrics": {
    "execution_accuracy": 0.3333333333333333,
    "kpi_correctness": 0.3333333333333333,
    "consistency_score": null,
    "rmse": 931733.6710207919
  }
}