{
  "since": "2025-10-22T00:04:13.202300+00:00",
  "until": null,
  "counts": {
    "total_traces": 9,
    "total_rows": 18,
    "execution_accuracy_rows": 9,
    "kpi_correctness_rows": 9
  },
  "metrics": {
    "execution_accuracy": 0.3333333333333333,
    "kpi_correctness": 0.4444444444444444,
    "consistency_score": null,
    "rmse": 4589259049502.971
  }
}